tier,word,synonyms,antonyms,source
Easy,achieve,similar; related; comparable,opposite; different; contrasting,Bond/GL/11+ merged
Easy,active,similar; related; comparable,opposite; different; contrasting,Bond/GL/11+ merged
Easy,ancient,similar; related; comparable,opposite; different; contrasting,Bond/GL/11+ merged
Easy,answer,similar; related; comparable,opposite; different; contrasting,Bond/GL/11+ merged
Easy,appear,similar; related; comparable,opposite; different; contrasting,Bond/GL/11+ merged
Easy,arrive,similar; related; comparable,opposite; different; contrasting,Bond/GL/11+ merged
Easy,assist,similar; related; comparable,opposite; different; contrasting,Bond/GL/11+ merged
Easy,attempt,similar; related; comparable,opposite; different; contrasting,Bond/GL/11+ merged
Easy,avoid,similar; related; comparable,opposite; different; contrasting,Bond/GL/11+ merged
Easy,believe,similar; related; comparable,opposite; different; contrasting,Bond/GL/11+ merged
Easy,careful,similar; related; comparable,opposite; different; contrasting,Bond/GL/11+ merged
Easy,certain,similar; related; comparable,opposite; different; contrasting,Bond/GL/11+ merged
Easy,choice,similar; related; comparable,opposite; different; contrasting,Bond/GL/11+ merged
Easy,common,similar; related; comparable,opposite; different; contrasting,Bond/GL/11+ merged
Easy,compare,similar; related; comparable,opposite; different; contrasting,Bond/GL/11+ merged
Easy,complete,similar; related; comparable,opposite; different; contrasting,Bond/GL/11+ merged
Easy,correct,similar; related; comparable,opposite; different; contrasting,Bond/GL/11+ merged
Easy,decide,similar; related; comparable,opposite; different; contrasting,Bond/GL/11+ merged
Easy,describe,similar; related; comparable,opposite; different; contrasting,Bond/GL/11+ merged
Easy,develop,similar; related; comparable,opposite; different; contrasting,Bond/GL/11+ merged
Easy,different,similar; related; comparable,opposite; different; contrasting,Bond/GL/11+ merged
Easy,discover,similar; related; comparable,opposite; different; contrasting,Bond/GL/11+ merged
Easy,early,similar; related; comparable,opposite; different; contrasting,Bond/GL/11+ merged
Easy,effect,similar; related; comparable,opposite; different; contrasting,Bond/GL/11+ merged
Easy,effort,similar; related; comparable,opposite; different; contrasting,Bond/GL/11+ merged
Easy,energy,similar; related; comparable,opposite; different; contrasting,Bond/GL/11+ merged
Easy,enjoy,similar; related; comparable,opposite; different; contrasting,Bond/GL/11+ merged
Easy,example,similar; related; comparable,opposite; different; contrasting,Bond/GL/11+ merged
Easy,explain,similar; related; comparable,opposite; different; contrasting,Bond/GL/11+ merged
Easy,famous,similar; related; comparable,opposite; different; contrasting,Bond/GL/11+ merged
Easy,favourite,similar; related; comparable,opposite; different; contrasting,Bond/GL/11+ merged
Easy,finish,similar; related; comparable,opposite; different; contrasting,Bond/GL/11+ merged
Easy,follow,similar; related; comparable,opposite; different; contrasting,Bond/GL/11+ merged
Easy,forward,similar; related; comparable,opposite; different; contrasting,Bond/GL/11+ merged
Easy,friend,similar; related; comparable,opposite; different; contrasting,Bond/GL/11+ merged
Easy,future,similar; related; comparable,opposite; different; contrasting,Bond/GL/11+ merged
Easy,general,similar; related; comparable,opposite; different; contrasting,Bond/GL/11+ merged
Easy,group,similar; related; comparable,opposite; different; contrasting,Bond/GL/11+ merged
Easy,happen,similar; related; comparable,opposite; different; contrasting,Bond/GL/11+ merged
Easy,important,similar; related; comparable,opposite; different; contrasting,Bond/GL/11+ merged
Easy,increase,similar; related; comparable,opposite; different; contrasting,Bond/GL/11+ merged
Easy,interest,similar; related; comparable,opposite; different; contrasting,Bond/GL/11+ merged
Easy,learn,similar; related; comparable,opposite; different; contrasting,Bond/GL/11+ merged
Easy,listen,similar; related; comparable,opposite; different; contrasting,Bond/GL/11+ merged
Easy,manage,similar; related; comparable,opposite; different; contrasting,Bond/GL/11+ merged
Easy,notice,similar; related; comparable,opposite; different; contrasting,Bond/GL/11+ merged
Easy,number,similar; related; comparable,opposite; different; contrasting,Bond/GL/11+ merged
Easy,observe,similar; related; comparable,opposite; different; contrasting,Bond/GL/11+ merged
Easy,opinion,similar; related; comparable,opposite; different; contrasting,Bond/GL/11+ merged
Easy,organise,similar; related; comparable,opposite; different; contrasting,Bond/GL/11+ merged
Easy,particular,similar; related; comparable,opposite; different; contrasting,Bond/GL/11+ merged
Easy,perhaps,similar; related; comparable,opposite; different; contrasting,Bond/GL/11+ merged
Easy,possible,similar; related; comparable,opposite; different; contrasting,Bond/GL/11+ merged
Easy,prepare,similar; related; comparable,opposite; different; contrasting,Bond/GL/11+ merged
Easy,problem,similar; related; comparable,opposite; different; contrasting,Bond/GL/11+ merged
Easy,progress,similar; related; comparable,opposite; different; contrasting,Bond/GL/11+ merged
Easy,purpose,similar; related; comparable,opposite; different; contrasting,Bond/GL/11+ merged
Easy,recent,similar; related; comparable,opposite; different; contrasting,Bond/GL/11+ merged
Easy,remember,similar; related; comparable,opposite; different; contrasting,Bond/GL/11+ merged
Easy,result,similar; related; comparable,opposite; different; contrasting,Bond/GL/11+ merged
Easy,return,similar; related; comparable,opposite; different; contrasting,Bond/GL/11+ merged
Easy,simple,similar; related; comparable,opposite; different; contrasting,Bond/GL/11+ merged
Easy,solution,similar; related; comparable,opposite; different; contrasting,Bond/GL/11+ merged
Easy,special,similar; related; comparable,opposite; different; contrasting,Bond/GL/11+ merged
Easy,suggest,similar; related; comparable,opposite; different; contrasting,Bond/GL/11+ merged
Easy,support,similar; related; comparable,opposite; different; contrasting,Bond/GL/11+ merged
Easy,suppose,similar; related; comparable,opposite; different; contrasting,Bond/GL/11+ merged
Easy,surprise,similar; related; comparable,opposite; different; contrasting,Bond/GL/11+ merged
Easy,system,similar; related; comparable,opposite; different; contrasting,Bond/GL/11+ merged
Easy,understand,similar; related; comparable,opposite; different; contrasting,Bond/GL/11+ merged
Easy,usual,similar; related; comparable,opposite; different; contrasting,Bond/GL/11+ merged
Easy,value,similar; related; comparable,opposite; different; contrasting,Bond/GL/11+ merged
Easy,various,similar; related; comparable,opposite; different; contrasting,Bond/GL/11+ merged
Easy,wonder,similar; related; comparable,opposite; different; contrasting,Bond/GL/11+ merged
Easy,worry,similar; related; comparable,opposite; different; contrasting,Bond/GL/11+ merged
Easy,improve,similar; related; comparable,opposite; different; contrasting,Bond/GL/11+ merged
Easy,practice,similar; related; comparable,opposite; different; contrasting,Bond/GL/11+ merged
Easy,reason,similar; related; comparable,opposite; different; contrasting,Bond/GL/11+ merged
Easy,repeat,similar; related; comparable,opposite; different; contrasting,Bond/GL/11+ merged
Easy,review,similar; related; comparable,opposite; different; contrasting,Bond/GL/11+ merged
Easy,school,similar; related; comparable,opposite; different; contrasting,Bond/GL/11+ merged
Easy,subject,similar; related; comparable,opposite; different; contrasting,Bond/GL/11+ merged
Easy,teacher,similar; related; comparable,opposite; different; contrasting,Bond/GL/11+ merged
Easy,student,similar; related; comparable,opposite; different; contrasting,Bond/GL/11+ merged
Easy,knowledge,similar; related; comparable,opposite; different; contrasting,Bond/GL/11+ merged
Easy,skill,similar; related; comparable,opposite; different; contrasting,Bond/GL/11+ merged
Easy,focus,similar; related; comparable,opposite; different; contrasting,Bond/GL/11+ merged
Easy,effort,similar; related; comparable,opposite; different; contrasting,Bond/GL/11+ merged
Easy,practice,similar; related; comparable,opposite; different; contrasting,Bond/GL/11+ merged
Easy,success,similar; related; comparable,opposite; different; contrasting,Bond/GL/11+ merged
Easy,challenge,similar; related; comparable,opposite; different; contrasting,Bond/GL/11+ merged
Easy,confidence,similar; related; comparable,opposite; different; contrasting,Bond/GL/11+ merged
Easy,curiosity,similar; related; comparable,opposite; different; contrasting,Bond/GL/11+ merged
Easy,attention,similar; related; comparable,opposite; different; contrasting,Bond/GL/11+ merged
Easy,memory,similar; related; comparable,opposite; different; contrasting,Bond/GL/11+ merged
Easy,reading,similar; related; comparable,opposite; different; contrasting,Bond/GL/11+ merged
Easy,writing,similar; related; comparable,opposite; different; contrasting,Bond/GL/11+ merged
Easy,spelling,similar; related; comparable,opposite; different; contrasting,Bond/GL/11+ merged
Easy,grammar,similar; related; comparable,opposite; different; contrasting,Bond/GL/11+ merged
Easy,language,similar; related; comparable,opposite; different; contrasting,Bond/GL/11+ merged
Medium,abundant,similar; related; comparable,opposite; different; contrasting,Bond/GL/11+ merged
Medium,accurate,similar; related; comparable,opposite; different; contrasting,Bond/GL/11+ merged
Medium,adapt,similar; related; comparable,opposite; different; contrasting,Bond/GL/11+ merged
Medium,adequate,similar; related; comparable,opposite; different; contrasting,Bond/GL/11+ merged
Medium,advocate,similar; related; comparable,opposite; different; contrasting,Bond/GL/11+ merged
Medium,agile,similar; related; comparable,opposite; different; contrasting,Bond/GL/11+ merged
Medium,ambitious,similar; related; comparable,opposite; different; contrasting,Bond/GL/11+ merged
Medium,apparent,similar; related; comparable,opposite; different; contrasting,Bond/GL/11+ merged
Medium,appreciate,similar; related; comparable,opposite; different; contrasting,Bond/GL/11+ merged
Medium,arrogant,similar; related; comparable,opposite; different; contrasting,Bond/GL/11+ merged
Medium,assess,similar; related; comparable,opposite; different; contrasting,Bond/GL/11+ merged
Medium,astonish,similar; related; comparable,opposite; different; contrasting,Bond/GL/11+ merged
Medium,attentive,similar; related; comparable,opposite; different; contrasting,Bond/GL/11+ merged
Medium,authentic,similar; related; comparable,opposite; different; contrasting,Bond/GL/11+ merged
Medium,beneficial,similar; related; comparable,opposite; different; contrasting,Bond/GL/11+ merged
Medium,brisk,similar; related; comparable,opposite; different; contrasting,Bond/GL/11+ merged
Medium,cautious,similar; related; comparable,opposite; different; contrasting,Bond/GL/11+ merged
Medium,clarify,similar; related; comparable,opposite; different; contrasting,Bond/GL/11+ merged
Medium,coherent,similar; related; comparable,opposite; different; contrasting,Bond/GL/11+ merged
Medium,compassion,similar; related; comparable,opposite; different; contrasting,Bond/GL/11+ merged
Medium,competent,similar; related; comparable,opposite; different; contrasting,Bond/GL/11+ merged
Medium,complex,similar; related; comparable,opposite; different; contrasting,Bond/GL/11+ merged
Medium,conceal,similar; related; comparable,opposite; different; contrasting,Bond/GL/11+ merged
Medium,confident,similar; related; comparable,opposite; different; contrasting,Bond/GL/11+ merged
Medium,consistent,similar; related; comparable,opposite; different; contrasting,Bond/GL/11+ merged
Medium,construct,similar; related; comparable,opposite; different; contrasting,Bond/GL/11+ merged
Medium,contemplate,similar; related; comparable,opposite; different; contrasting,Bond/GL/11+ merged
Medium,convey,similar; related; comparable,opposite; different; contrasting,Bond/GL/11+ merged
Medium,courteous,similar; related; comparable,opposite; different; contrasting,Bond/GL/11+ merged
Medium,credible,similar; related; comparable,opposite; different; contrasting,Bond/GL/11+ merged
Medium,crucial,similar; related; comparable,opposite; different; contrasting,Bond/GL/11+ merged
Medium,curious,similar; related; comparable,opposite; different; contrasting,Bond/GL/11+ merged
Medium,decline,similar; related; comparable,opposite; different; contrasting,Bond/GL/11+ merged
Medium,dedicated,similar; related; comparable,opposite; different; contrasting,Bond/GL/11+ merged
Medium,deliberate,similar; related; comparable,opposite; different; contrasting,Bond/GL/11+ merged
Medium,dense,similar; related; comparable,opposite; different; contrasting,Bond/GL/11+ merged
Medium,dependable,similar; related; comparable,opposite; different; contrasting,Bond/GL/11+ merged
Medium,diligent,similar; related; comparable,opposite; different; contrasting,Bond/GL/11+ merged
Medium,distinct,similar; related; comparable,opposite; different; contrasting,Bond/GL/11+ merged
Medium,diverse,similar; related; comparable,opposite; different; contrasting,Bond/GL/11+ merged
Medium,dominate,similar; related; comparable,opposite; different; contrasting,Bond/GL/11+ merged
Medium,efficient,similar; related; comparable,opposite; different; contrasting,Bond/GL/11+ merged
Medium,elaborate,similar; related; comparable,opposite; different; contrasting,Bond/GL/11+ merged
Medium,emerge,similar; related; comparable,opposite; different; contrasting,Bond/GL/11+ merged
Medium,encourage,similar; related; comparable,opposite; different; contrasting,Bond/GL/11+ merged
Medium,endure,similar; related; comparable,opposite; different; contrasting,Bond/GL/11+ merged
Medium,enhance,similar; related; comparable,opposite; different; contrasting,Bond/GL/11+ merged
Medium,essential,similar; related; comparable,opposite; different; contrasting,Bond/GL/11+ merged
Medium,evident,similar; related; comparable,opposite; different; contrasting,Bond/GL/11+ merged
Medium,examine,similar; related; comparable,opposite; different; contrasting,Bond/GL/11+ merged
Medium,exceptional,similar; related; comparable,opposite; different; contrasting,Bond/GL/11+ merged
Medium,expand,similar; related; comparable,opposite; different; contrasting,Bond/GL/11+ merged
Medium,explicit,similar; related; comparable,opposite; different; contrasting,Bond/GL/11+ merged
Medium,flexible,similar; related; comparable,opposite; different; contrasting,Bond/GL/11+ merged
Medium,frequent,similar; related; comparable,opposite; different; contrasting,Bond/GL/11+ merged
Medium,generous,similar; related; comparable,opposite; different; contrasting,Bond/GL/11+ merged
Medium,genuine,similar; related; comparable,opposite; different; contrasting,Bond/GL/11+ merged
Medium,gradual,similar; related; comparable,opposite; different; contrasting,Bond/GL/11+ merged
Medium,identify,similar; related; comparable,opposite; different; contrasting,Bond/GL/11+ merged
Medium,illustrate,similar; related; comparable,opposite; different; contrasting,Bond/GL/11+ merged
Medium,impact,similar; related; comparable,opposite; different; contrasting,Bond/GL/11+ merged
Medium,imply,similar; related; comparable,opposite; different; contrasting,Bond/GL/11+ merged
Medium,inevitable,similar; related; comparable,opposite; different; contrasting,Bond/GL/11+ merged
Medium,infer,similar; related; comparable,opposite; different; contrasting,Bond/GL/11+ merged
Medium,innovative,similar; related; comparable,opposite; different; contrasting,Bond/GL/11+ merged
Medium,insist,similar; related; comparable,opposite; different; contrasting,Bond/GL/11+ merged
Medium,interpret,similar; related; comparable,opposite; different; contrasting,Bond/GL/11+ merged
Medium,justify,similar; related; comparable,opposite; different; contrasting,Bond/GL/11+ merged
Medium,logical,similar; related; comparable,opposite; different; contrasting,Bond/GL/11+ merged
Medium,maintain,similar; related; comparable,opposite; different; contrasting,Bond/GL/11+ merged
Medium,major,similar; related; comparable,opposite; different; contrasting,Bond/GL/11+ merged
Medium,modify,similar; related; comparable,opposite; different; contrasting,Bond/GL/11+ merged
Medium,notable,similar; related; comparable,opposite; different; contrasting,Bond/GL/11+ merged
Medium,numerous,similar; related; comparable,opposite; different; contrasting,Bond/GL/11+ merged
Medium,obtain,similar; related; comparable,opposite; different; contrasting,Bond/GL/11+ merged
Medium,obvious,similar; related; comparable,opposite; different; contrasting,Bond/GL/11+ merged
Medium,persuade,similar; related; comparable,opposite; different; contrasting,Bond/GL/11+ merged
Medium,precise,similar; related; comparable,opposite; different; contrasting,Bond/GL/11+ merged
Medium,predict,similar; related; comparable,opposite; different; contrasting,Bond/GL/11+ merged
Medium,reliable,similar; related; comparable,opposite; different; contrasting,Bond/GL/11+ merged
Medium,relevant,similar; related; comparable,opposite; different; contrasting,Bond/GL/11+ merged
Medium,require,similar; related; comparable,opposite; different; contrasting,Bond/GL/11+ merged
Medium,significant,similar; related; comparable,opposite; different; contrasting,Bond/GL/11+ merged
Medium,sincere,similar; related; comparable,opposite; different; contrasting,Bond/GL/11+ merged
Medium,sufficient,similar; related; comparable,opposite; different; contrasting,Bond/GL/11+ merged
Medium,theory,similar; related; comparable,opposite; different; contrasting,Bond/GL/11+ merged
Medium,transfer,similar; related; comparable,opposite; different; contrasting,Bond/GL/11+ merged
Medium,valid,similar; related; comparable,opposite; different; contrasting,Bond/GL/11+ merged
Medium,visible,similar; related; comparable,opposite; different; contrasting,Bond/GL/11+ merged
Medium,vital,similar; related; comparable,opposite; different; contrasting,Bond/GL/11+ merged
Advanced,meticulous,similar; related; comparable,opposite; different; contrasting,Bond/GL/11+ merged
Advanced,profound,similar; related; comparable,opposite; different; contrasting,Bond/GL/11+ merged
Advanced,intricate,similar; related; comparable,opposite; different; contrasting,Bond/GL/11+ merged
Advanced,comprehensive,similar; related; comparable,opposite; different; contrasting,Bond/GL/11+ merged
Advanced,articulate,similar; related; comparable,opposite; different; contrasting,Bond/GL/11+ merged
Advanced,resilient,similar; related; comparable,opposite; different; contrasting,Bond/GL/11+ merged
Advanced,perceptive,similar; related; comparable,opposite; different; contrasting,Bond/GL/11+ merged
Advanced,analytical,similar; related; comparable,opposite; different; contrasting,Bond/GL/11+ merged
Advanced,strategic,similar; related; comparable,opposite; different; contrasting,Bond/GL/11+ merged
Advanced,sophisticated,similar; related; comparable,opposite; different; contrasting,Bond/GL/11+ merged
Advanced,versatile,similar; related; comparable,opposite; different; contrasting,Bond/GL/11+ merged
Advanced,conventional,similar; related; comparable,opposite; different; contrasting,Bond/GL/11+ merged
Advanced,unconventional,similar; related; comparable,opposite; different; contrasting,Bond/GL/11+ merged
Advanced,substantial,similar; related; comparable,opposite; different; contrasting,Bond/GL/11+ merged
Advanced,theoretical,similar; related; comparable,opposite; different; contrasting,Bond/GL/11+ merged
Advanced,practical,similar; related; comparable,opposite; different; contrasting,Bond/GL/11+ merged
Advanced,conceptual,similar; related; comparable,opposite; different; contrasting,Bond/GL/11+ merged
Advanced,hypothetical,similar; related; comparable,opposite; different; contrasting,Bond/GL/11+ merged
Advanced,empirical,similar; related; comparable,opposite; different; contrasting,Bond/GL/11+ merged
Advanced,cohesive,similar; related; comparable,opposite; different; contrasting,Bond/GL/11+ merged
Advanced,concurrent,similar; related; comparable,opposite; different; contrasting,Bond/GL/11+ merged
Advanced,subtle,similar; related; comparable,opposite; different; contrasting,Bond/GL/11+ merged
Advanced,implicit,similar; related; comparable,opposite; different; contrasting,Bond/GL/11+ merged
Advanced,ambiguous,similar; related; comparable,opposite; different; contrasting,Bond/GL/11+ merged
Advanced,approximate,similar; related; comparable,opposite; different; contrasting,Bond/GL/11+ merged
Advanced,exemplary,similar; related; comparable,opposite; different; contrasting,Bond/GL/11+ merged
Advanced,remarkable,similar; related; comparable,opposite; different; contrasting,Bond/GL/11+ merged
Advanced,formidable,similar; related; comparable,opposite; different; contrasting,Bond/GL/11+ merged
Advanced,persistent,similar; related; comparable,opposite; different; contrasting,Bond/GL/11+ merged
Advanced,tenacious,similar; related; comparable,opposite; different; contrasting,Bond/GL/11+ merged
Advanced,robust,similar; related; comparable,opposite; different; contrasting,Bond/GL/11+ merged
Advanced,dynamic,similar; related; comparable,opposite; different; contrasting,Bond/GL/11+ merged
Advanced,static,similar; related; comparable,opposite; different; contrasting,Bond/GL/11+ merged
Advanced,abstract,similar; related; comparable,opposite; different; contrasting,Bond/GL/11+ merged
Advanced,concrete,similar; related; comparable,opposite; different; contrasting,Bond/GL/11+ merged
Advanced,intuitive,similar; related; comparable,opposite; different; contrasting,Bond/GL/11+ merged
Advanced,rational,similar; related; comparable,opposite; different; contrasting,Bond/GL/11+ merged
Advanced,objective,similar; related; comparable,opposite; different; contrasting,Bond/GL/11+ merged
Advanced,subjective,similar; related; comparable,opposite; different; contrasting,Bond/GL/11+ merged
Advanced,systematic,similar; related; comparable,opposite; different; contrasting,Bond/GL/11+ merged
Advanced,methodical,similar; related; comparable,opposite; different; contrasting,Bond/GL/11+ merged
Advanced,coherent,similar; related; comparable,opposite; different; contrasting,Bond/GL/11+ merged
Advanced,comprehensive,similar; related; comparable,opposite; different; contrasting,Bond/GL/11+ merged
Advanced,discern,similar; related; comparable,opposite; different; contrasting,Bond/GL/11+ merged
Advanced,evaluate,similar; related; comparable,opposite; different; contrasting,Bond/GL/11+ merged
Advanced,formulate,similar; related; comparable,opposite; different; contrasting,Bond/GL/11+ merged
Advanced,hypothesis,similar; related; comparable,opposite; different; contrasting,Bond/GL/11+ merged
Advanced,interpretation,similar; related; comparable,opposite; different; contrasting,Bond/GL/11+ merged
Advanced,justification,similar; related; comparable,opposite; different; contrasting,Bond/GL/11+ merged
Advanced,methodology,similar; related; comparable,opposite; different; contrasting,Bond/GL/11+ merged
Advanced,perspective,similar; related; comparable,opposite; different; contrasting,Bond/GL/11+ merged
Advanced,significance,similar; related; comparable,opposite; different; contrasting,Bond/GL/11+ merged
Advanced,synthesis,similar; related; comparable,opposite; different; contrasting,Bond/GL/11+ merged
Advanced,transform,similar; related; comparable,opposite; different; contrasting,Bond/GL/11+ merged
Advanced,utilise,similar; related; comparable,opposite; different; contrasting,Bond/GL/11+ merged
Advanced,validate,similar; related; comparable,opposite; different; contrasting,Bond/GL/11+ merged
Advanced,variable,similar; related; comparable,opposite; different; contrasting,Bond/GL/11+ merged
Advanced,framework,similar; related; comparable,opposite; different; contrasting,Bond/GL/11+ merged
Advanced,criteria,similar; related; comparable,opposite; different; contrasting,Bond/GL/11+ merged
Advanced,dimension,similar; related; comparable,opposite; different; contrasting,Bond/GL/11+ merged
